0;0.027466
0.001;0.015301
0.002;-0.000152
0.003;-0.01659
0.004;-0.029084
0.005;-0.039276
0.006;-0.044537
0.007;-0.040262
0.008;-0.036646
0.009;-0.022837
0.01;-0.008371
0.011;0.010862
0.012;0.020397
0.013;0.033055
0.014;0.04111
0.015;0.041274
0.016;0.035521
0.017;0.025164
0.018;0.01152
0.019;-0.00459
0.02;-0.021522
0.021;-0.030399
0.022;-0.037632
0.023;-0.043057
0.024;-0.036317
0.025;-0.026289
0.026;-0.017577
0.027;-0.001467
0.028;0.01563
0.029;0.029274
0.03;0.039959
0.031;0.044891
0.032;0.042096
0.033;0.035521
0.034;0.022698
0.035;0.00889
0.036;-0.004755
0.037;-0.018563
0.038;-0.032701
0.039;-0.036975
0.04;-0.03681
0.041;-0.029248
0.042;-0.023002
0.043;-0.007385
0.044;0.011191
0.045;0.025493
0.046;0.03848
0.047;0.045384
0.048;0.048836
0.049;0.045548
0.05;0.037
0.051;0.022205
0.052;0.01004
0.053;-0.009851
0.054;-0.021193
0.055;-0.026289
0.056;-0.033358
0.057;-0.034673
0.058;-0.022015
0.059;-0.014289
0.06;0.001985
0.061;0.01826
0.062;0.032068
0.063;0.044562
0.064;0.049658
0.065;0.049165
0.066;0.04374
0.067;0.034206
0.068;0.017438
0.069;0.003629
0.07;-0.012645
0.071;-0.023002
0.072;-0.035166
0.073;-0.032536
0.074;-0.031714
0.075;-0.021193
0.076;-0.011988
0.077;0.004287
0.078;0.021548
0.079;0.034699
0.08;0.042918
0.081;0.04637
0.082;0.044891
0.083;0.034534
0.084;0.024507
0.085;0.010698
0.086;-0.004426
0.087;-0.023166
0.088;-0.032701
0.089;-0.03829
0.09;-0.036317
0.091;-0.035002
0.092;-0.021851
0.093;-0.009357
0.094;0.006917
0.095;0.022041
0.096;0.033219
0.097;0.042096
0.098;0.039959
0.099;0.037164
0.1;0.028123
0.101;0.017109
0.102;-0.000645
0.103;-0.014782
0.104;-0.026783
0.105;-0.036481
0.106;-0.04355
0.107;-0.038783
0.108;-0.031057
0.109;-0.021029
0.11;-0.007385
0.111;0.007903
0.112;0.022205
0.113;0.031904
0.114;0.039302
0.115;0.038151
0.116;0.035685
0.117;0.019739
0.118;0.009547
0.119;-0.007056
0.12;-0.021358
0.121;-0.035824
0.122;-0.041084
0.123;-0.043386
0.124;-0.040262
0.125;-0.029906
0.126;-0.021687
0.127;-0.000974
0.128;0.010698
0.129;0.023849
0.13;0.034206
0.131;0.04111
0.132;0.034041
0.133;0.029438
0.134;0.017274
0.135;0.003465
0.136;-0.014947
0.137;-0.026947
0.138;-0.036317
0.139;-0.041906
0.14;-0.044537
0.141;-0.036975
0.142;-0.026454
0.143;-0.014453
0.144;0.001821
0.145;0.016287
0.146;0.029109
0.147;0.032397
0.148;0.037329
0.149;0.034206
0.15;0.025
0.151;0.008068
0.152;-0.004426
0.153;-0.0207
0.154;-0.033851
0.155;-0.041578
0.156;-0.04766
0.157;-0.045194
0.158;-0.038125
0.159;-0.028426
0.16;-0.014618
0.161;0.003136
0.162;0.011684
0.163;0.023685
0.164;0.029274
0.165;0.029931
0.166;0.017767
0.167;0.008725
0.168;-0.004755
0.169;-0.020865
0.17;-0.039112
0.171;-0.049468
0.172;-0.057523
0.173;-0.061304
0.174;-0.056537
0.175;-0.045194
0.176;-0.035824
0.177;-0.018728
0.178;-0.001302
0.179;0.016945
0.18;0.030589
0.181;0.033219
0.182;0.038973
0.183;0.035685
0.184;0.029767
0.185;0.021383
0.186;0.011191
0.187;0.003958
0.188;-0.00048
0.189;-0.003111
0.19;0.005602
0.191;0.018917
0.192;0.031247
0.193;0.051302
0.194;0.076618
0.195;0.098317
0.196;0.108838
0.197;0.123304
0.198;0.130701
0.199;0.131688
0.2;0.12166
0.201;0.11081
0.202;0.09207
0.203;0.07333
0.204;0.054096
0.205;0.040288
0.206;0.026808
0.207;0.018917
0.208;0.022698
0.209;0.027794
0.21;0.033384
0.211;0.040617
0.212;0.052124
0.213;0.060179
0.214;0.061987
0.215;0.057877
0.216;0.047521
0.217;0.034699
0.218;0.018589
0.219;0.000835
0.22;-0.014289
0.221;-0.030235
0.222;-0.041578
0.223;-0.042399
0.224;-0.041578
0.225;-0.033358
0.226;-0.021522
0.227;-0.007385
0.228;0.009712
0.229;0.022863
0.23;0.027794
0.231;0.035192
0.232;0.033877
0.233;0.025986
0.234;0.014808
0.235;1.27E-05
0.236;-0.015275
0.237;-0.029413
0.238;-0.038619
0.239;-0.042235
0.24;-0.040756
0.241;-0.038454
0.242;-0.023824
0.243;-0.013138
0.244;0.007575
0.245;0.018753
0.246;0.032562
0.247;0.042754
0.248;0.045384
0.249;0.040945
0.25;0.032068
0.251;0.019082
0.252;0.003301
0.253;-0.011001
0.254;-0.023495
0.255;-0.031714
0.256;-0.040098
0.257;-0.035988
0.258;-0.029248
0.259;-0.016097
0.26;-0.005905
0.261;0.012999
0.262;0.025164
0.263;0.037
0.264;0.041603
0.265;0.043576
0.266;0.037329
0.267;0.026808
0.268;0.013657
0.269;-0.001631
0.27;-0.017906
0.271;-0.031714
0.272;-0.03829
0.273;-0.039605
0.274;-0.035495
0.275;-0.030563
0.276;-0.015769
0.277;-0.000974
0.278;0.01678
0.279;0.029603
0.28;0.037986
0.281;0.043904
0.282;0.040781
0.283;0.035027
0.284;0.021876
0.285;0.00889
0.286;-0.009686
0.287;-0.020865
0.288;-0.029742
0.289;-0.036646
0.29;-0.04092
0.291;-0.031879
0.292;-0.020043
0.293;-0.010179
0.294;0.008725
0.295;0.024178
0.296;0.035521
0.297;0.043411
0.298;0.046041
0.299;0.041932
0.3;0.033877
0.301;0.018424
0.302;0.006095
0.303;-0.010344
0.304;-0.021851
0.305;-0.034344
0.306;-0.036153
0.307;-0.033687
0.308;-0.026125
0.309;-0.015111
0.31;0.000177
0.311;0.016616
0.312;0.031082
0.313;0.042096
0.314;0.04785
0.315;0.049
0.316;0.041439
0.317;0.033384
0.318;0.018753
0.319;0.004944
0.32;-0.013303
0.321;-0.022508
0.322;-0.028755
0.323;-0.031879
0.324;-0.02744
0.325;-0.016755
0.326;-0.007549
0.327;0.008397
0.328;0.026808
0.329;0.039795
0.33;0.05048
0.331;0.051466
0.332;0.051795
0.333;0.045384
0.334;0.035027
0.335;0.015958
0.336;0.006259
0.337;-0.009522
0.338;-0.017741
0.339;-0.026783
0.34;-0.023002
0.341;-0.020043
0.342;-0.009686
0.343;0.002807
0.344;0.023027
0.345;0.037329
0.346;0.047521
0.347;0.05722
0.348;0.059193
0.349;0.058042
0.35;0.045384
0.351;0.034041
0.352;0.019575
0.353;0.006095
0.354;-0.008207
0.355;-0.014947
0.356;-0.020865
0.357;-0.01807
0.358;-0.009193
0.359;0.003794
0.36;0.015958
0.361;0.03174
0.362;0.048836
0.363;0.059521
0.364;0.067083
0.365;0.063467
0.366;0.060508
0.367;0.050809
0.368;0.037986
0.369;0.020068
0.37;0.007903
0.371;-0.003275
0.372;-0.010015
0.373;-0.012974
0.374;-0.00722
0.375;0.00215
0.376;0.013821
0.377;0.029438
0.378;0.047357
0.379;0.059521
0.38;0.065604
0.381;0.071686
0.382;0.072672
0.383;0.067412
0.384;0.051466
0.385;0.03963
0.386;0.024671
0.387;0.010862
0.388;-0.000152
0.389;-0.004755
0.39;-0.004261
0.391;0.000506
0.392;0.01152
0.393;0.023191
0.394;0.042261
0.395;0.053275
0.396;0.067905
0.397;0.077275
0.398;0.081221
0.399;0.07333
0.4;0.06659
0.401;0.053439
0.402;0.039959
0.403;0.02615
0.404;0.012671
0.405;0.002314
0.406;-0.001631
0.407;-0.001138
0.408;0.008725
0.409;0.02089
0.41;0.032397
0.411;0.05048
0.412;0.064289
0.413;0.076289
0.414;0.077111
0.415;0.079741
0.416;0.075467
0.417;0.065932
0.418;0.050809
0.419;0.035521
0.42;0.01826
0.421;0.005438
0.422;-0.002453
0.423;-0.005083
0.424;-0.00048
0.425;0.006259
0.426;0.020068
0.427;0.034041
0.428;0.05048
0.429;0.059521
0.43;0.070864
0.431;0.075796
0.432;0.074316
0.433;0.064946
0.434;0.052288
0.435;0.037
0.436;0.021876
0.437;0.005931
0.438;-0.005083
0.439;-0.010673
0.44;-0.013796
0.441;-0.008535
0.442;0.003794
0.443;0.012835
0.444;0.027794
0.445;0.041439
0.446;0.057384
0.447;0.063302
0.448;0.062645
0.449;0.058535
0.45;0.051138
0.451;0.038151
0.452;0.02089
0.453;0.005438
0.454;-0.008207
0.455;-0.020536
0.456;-0.024152
0.457;-0.021358
0.458;-0.01396
0.459;-0.007878
0.46;0.007739
0.461;0.025986
0.462;0.03963
0.463;0.047521
0.464;0.054261
0.465;0.053768
0.466;0.048507
0.467;0.037493
0.468;0.022534
0.469;0.004944
0.47;-0.011001
0.471;-0.023166
0.472;-0.027933
0.473;-0.033194
0.474;-0.032207
0.475;-0.019221
0.476;-0.005905
0.477;0.005931
0.478;0.020397
0.479;0.033055
0.48;0.043904
0.481;0.048179
0.482;0.04637
0.483;0.036836
0.484;0.024178
0.485;0.008068
0.486;-0.00722
0.487;-0.021522
0.488;-0.030235
0.489;-0.040098
0.49;-0.036481
0.491;-0.032536
0.492;-0.022344
0.493;-0.01133
0.494;0.004287
0.495;0.022205
0.496;0.033548
0.497;0.040452
0.498;0.041767
0.499;0.03848
0.5;0.028452
0.501;0.016287
0.502;1.27E-05
0.503;-0.015933
0.504;-0.030892
0.505;-0.038125
0.506;-0.041742
0.507;-0.041084
0.508;-0.035824
0.509;-0.021358
0.51;-0.009193
0.511;0.010369
0.512;0.021876
0.513;0.03174
0.514;0.037822
0.515;0.037164
0.516;0.032068
0.517;0.02237
0.518;0.008725
0.519;-0.010344
0.52;-0.022508
0.521;-0.034673
0.522;-0.040098
0.523;-0.04618
0.524;-0.038947
0.525;-0.029084
0.526;-0.017741
0.527;-0.004755
0.528;0.011356
0.529;0.025329
0.53;0.033712
0.531;0.03848
0.532;0.036014
0.533;0.029274
0.534;0.01563
0.535;0.00215
0.536;-0.014618
0.537;-0.026947
0.538;-0.040591
0.539;-0.046016
0.54;-0.043221
0.541;-0.038125
0.542;-0.028098
0.543;-0.01544
0.544;-0.000645
0.545;0.014972
0.546;0.026972
0.547;0.03437
0.548;0.037658
0.549;0.032562
0.55;0.024013
0.551;0.011849
0.552;-0.002453
0.553;-0.021029
0.554;-0.032207
0.555;-0.03944
0.556;-0.043879
0.557;-0.043386
0.558;-0.03418
0.559;-0.022508
0.56;-0.011494
0.561;0.006424
0.562;0.019246
0.563;0.030589
0.564;0.03437
0.565;0.036671
0.566;0.031575
0.567;0.022534
0.568;0.00478
0.569;-0.008207
0.57;-0.023002
0.571;-0.034673
0.572;-0.042564
0.573;-0.04503
0.574;-0.039605
0.575;-0.031057
0.576;-0.019878
0.577;-0.005741
0.578;0.012013
0.579;0.021548
0.58;0.033548
0.581;0.038151
0.582;0.036671
0.583;0.026808
0.584;0.017602
0.585;0.00215
0.586;-0.013796
0.587;-0.028262
0.588;-0.038619
0.589;-0.043386
0.59;-0.042728
0.591;-0.037632
0.592;-0.026947
0.593;-0.015933
0.594;-0.000974
0.595;0.01678
0.596;0.029274
0.597;0.037164
0.598;0.034206
0.599;0.034041
0.6;0.025657
0.601;0.011684
0.602;-0.004426
0.603;-0.017906
0.604;-0.030399
0.605;-0.038619
0.606;-0.043879
0.607;-0.04092
0.608;-0.032207
0.609;-0.023824
0.61;-0.009851
0.611;0.007739
0.612;0.022698
0.613;0.028616
0.614;0.037
0.615;0.038973
0.616;0.033219
0.617;0.020561
0.618;0.006095
0.619;-0.008207
0.62;-0.022344
0.621;-0.032207
0.622;-0.04092
0.623;-0.045687
0.624;-0.041249
0.625;-0.02892
0.626;-0.016755
0.627;-0.004261
0.628;0.009054
0.629;0.025329
0.63;0.036836
0.631;0.040123
0.632;0.034699
0.633;0.029109
0.634;0.01826
0.635;0.003136
0.636;-0.01133
0.637;-0.026947
0.638;-0.035988
0.639;-0.043057
0.64;-0.043715
0.641;-0.036153
0.642;-0.026125
0.643;-0.015275
0.644;0.000506
0.645;0.018424
0.646;0.030589
0.647;0.033877
0.648;0.036507
0.649;0.036343
0.65;0.027466
0.651;0.013821
0.652;-0.001631
0.653;-0.01807
0.654;-0.03155
0.655;-0.039934
0.656;-0.042399
0.657;-0.04092
0.658;-0.036317
0.659;-0.022673
0.66;-0.010673
0.661;0.007739
0.662;0.017109
0.663;0.031247
0.664;0.039466
0.665;0.038808
0.666;0.033548
0.667;0.022863
0.668;0.008725
0.669;-0.007056
0.67;-0.021358
0.671;-0.033358
0.672;-0.038947
0.673;-0.044208
0.674;-0.038454
0.675;-0.027605
0.676;-0.015769
0.677;-0.003439
0.678;0.014479
0.679;0.029109
0.68;0.037986
0.681;0.040617
0.682;0.038644
0.683;0.033384
0.684;0.021054
0.685;0.006588
0.686;-0.009686
0.687;-0.023002
0.688;-0.034673
0.689;-0.040756
0.69;-0.038783
0.691;-0.033851
0.692;-0.026618
0.693;-0.010673
0.694;0.005273
0.695;0.02237
0.696;0.033384
0.697;0.03963
0.698;0.045548
0.699;0.040288
0.7;0.032233
0.701;0.019246
0.702;0.004944
0.703;-0.012481
0.704;-0.025303
0.705;-0.032536
0.706;-0.03681
0.707;-0.037961
0.708;-0.027769
0.709;-0.013467
0.71;-0.002617
0.711;0.014315
0.712;0.029931
0.713;0.042261
0.714;0.04785
0.715;0.04785
0.716;0.041603
0.717;0.031575
0.718;0.018095
0.719;0.001821
0.72;-0.01281
0.721;-0.02218
0.722;-0.033029
0.723;-0.033687
0.724;-0.027605
0.725;-0.018399
0.726;-0.007714
0.727;0.00741
0.728;0.025493
0.729;0.037822
0.73;0.046041
0.731;0.049165
0.732;0.049
0.733;0.038644
0.734;0.028616
0.735;0.012835
0.736;-0.002453
0.737;-0.019221
0.738;-0.027605
0.739;-0.032372
0.74;-0.033687
0.741;-0.03007
0.742;-0.017248
0.743;-0.004919
0.744;0.009876
0.745;0.02615
0.746;0.036014
0.747;0.045548
0.748;0.044726
0.749;0.041439
0.75;0.033548
0.751;0.021054
0.752;0.001328
0.753;-0.010673
0.754;-0.02333
0.755;-0.03418
0.756;-0.040591
0.757;-0.035824
0.758;-0.03007
0.759;-0.018234
0.76;-0.004919
0.761;0.01152
0.762;0.026972
0.763;0.036671
0.764;0.041603
0.765;0.041274
0.766;0.037493
0.767;0.023191
0.768;0.011356
0.769;-0.004426
0.77;-0.020043
0.771;-0.034344
0.772;-0.03944
0.773;-0.042399
0.774;-0.03829
0.775;-0.028262
0.776;-0.015275
0.777;-0.002124
0.778;0.014315
0.779;0.026808
0.78;0.034699
0.781;0.041274
0.782;0.035849
0.783;0.029438
0.784;0.019246
0.785;0.003958
0.786;-0.014618
0.787;-0.025632
0.788;-0.035166
0.789;-0.041413
0.79;-0.042728
0.791;-0.036646
0.792;-0.02481
0.793;-0.014289
0.794;0.001163
0.795;0.017931
0.796;0.030589
0.797;0.032068
0.798;0.039466
0.799;0.03437
0.8;0.027794
0.801;0.009876
0.802;-0.002289
0.803;-0.019549
0.804;-0.031057
0.805;-0.041413
0.806;-0.044043
0.807;-0.041413
0.808;-0.035495
0.809;-0.023166
0.81;-0.011166
0.811;0.008725
0.812;0.016945
0.813;0.03026
0.814;0.036507
0.815;0.037822
0.816;0.028123
0.817;0.018589
0.818;0.004122
0.819;-0.009357
0.82;-0.024974
0.821;-0.035988
0.822;-0.043221
0.823;-0.04618
0.824;-0.044208
0.825;-0.033687
0.826;-0.022015
0.827;-0.010015
0.828;0.006259
0.829;0.017602
0.83;0.027137
0.831;0.024342
0.832;0.025493
0.833;0.017109
0.834;0.005109
0.835;-0.011166
0.836;-0.027111
0.837;-0.042235
0.838;-0.054564
0.839;-0.059167
0.84;-0.05966
0.841;-0.052263
0.842;-0.043879
0.843;-0.02744
0.844;-0.010015
0.845;0.008232
0.846;0.019411
0.847;0.033877
0.848;0.04111
0.849;0.04374
0.85;0.036836
0.851;0.028945
0.852;0.021712
0.853;0.011356
0.854;0.005109
0.855;0.001163
0.856;0.005438
0.857;0.01152
0.858;0.025329
0.859;0.04637
0.86;0.063302
0.861;0.08418
0.862;0.105714
0.863;0.121496
0.864;0.130208
0.865;0.12988
0.866;0.128893
0.867;0.119194
0.868;0.103413
0.869;0.083522
0.87;0.06396
0.871;0.045384
0.872;0.026972
0.873;0.020068
0.874;0.01678
0.875;0.019575
0.876;0.023191
0.877;0.032397
0.878;0.045384
0.879;0.053439
0.88;0.055905
0.881;0.057384
0.882;0.05459
0.883;0.042425
0.884;0.029274
0.885;0.010698
0.886;-0.0087
0.887;-0.023988
0.888;-0.035166
0.889;-0.042235
0.89;-0.04503
0.891;-0.041413
0.892;-0.028098
0.893;-0.014947
0.894;-0.003275
0.895;0.010698
0.896;0.025986
0.897;0.03437
0.898;0.034699
0.899;0.032233
0.9;0.021383
0.901;0.011027
0.902;-0.005905
0.903;-0.019056
0.904;-0.030399
0.905;-0.039934
0.906;-0.045523
0.907;-0.040591
0.908;-0.032701
0.909;-0.019878
0.91;-0.006892
0.911;0.010205
0.912;0.027466
0.913;0.037822
0.914;0.043247
0.915;0.042425
0.916;0.039466
0.917;0.028781
0.918;0.013821
0.919;-0.001467
0.92;-0.015604
0.921;-0.03007
0.922;-0.037797
0.923;-0.037303
0.924;-0.033851
0.925;-0.026618
0.926;-0.011494
0.927;0.000506
0.928;0.017931
0.929;0.030589
0.93;0.038315
0.931;0.044398
0.932;0.041439
0.933;0.034206
0.934;0.02089
0.935;0.008068
0.936;-0.010344
0.937;-0.023824
0.938;-0.033851
0.939;-0.038619
0.94;-0.041906
0.941;-0.032536
0.942;-0.02218
0.943;-0.007878
0.944;0.005931
0.945;0.021219
0.946;0.034534
0.947;0.041767
0.948;0.044726
0.949;0.038973
0.95;0.031411
0.951;0.017274
0.952;0.002643
0.953;-0.013303
0.954;-0.025303
0.955;-0.036975
0.956;-0.038619
0.957;-0.037303
0.958;-0.027933
0.959;-0.018892
0.96;-0.003768
0.961;0.011356
0.962;0.027794
0.963;0.040452
0.964;0.044069
0.965;0.04637
0.966;0.036836
0.967;0.028616
0.968;0.015301
0.969;0.001492
0.97;-0.017248
0.971;-0.025796
0.972;-0.03155
0.973;-0.03418
0.974;-0.033522
0.975;-0.022837
0.976;-0.008371
0.977;0.003465
0.978;0.02352
0.979;0.033877
0.98;0.046206
0.981;0.046863
0.982;0.047685
0.983;0.040452
0.984;0.029438
0.985;0.011027
0.986;-0.00048
0.987;-0.014618
0.988;-0.023988
0.989;-0.033522
0.99;-0.031714
0.991;-0.025467
0.992;-0.013631
0.993;0.000506
0.994;0.014643
0.995;0.03289
0.996;0.04111
0.997;0.051631
0.998;0.052946
0.999;0.050644
1;0.039137
1.001;0.028781
1.002;0.013986
1.003;0.00067
1.004;-0.014782
1.005;-0.021687
1.006;-0.025632
1.007;-0.023166
1.008;-0.015933
1.009;-0.002124
1.01;0.009876
1.011;0.025
1.012;0.042918
1.013;0.052288
1.014;0.058535
1.015;0.05722
1.016;0.053768
1.017;0.046041
1.018;0.032397
1.019;0.012506
1.02;0.001492
1.021;-0.011001
1.022;-0.016262
1.023;-0.018563
1.024;-0.01396
1.025;-0.006234
1.026;0.005602
1.027;0.018095
1.028;0.039302
1.029;0.052781
1.03;0.060343
1.031;0.066754
1.032;0.065111
1.033;0.060672
1.034;0.044726
1.035;0.031575
1.036;0.017767
1.037;0.003465
1.038;-0.004919
1.039;-0.011823
1.04;-0.011988
1.041;-0.005576
1.042;0.007575
1.043;0.020232
1.044;0.032562
1.045;0.048507
1.046;0.062973
1.047;0.072837
1.048;0.074974
1.049;0.068398
1.05;0.061658
1.051;0.049
1.052;0.035027
1.053;0.020232
1.054;0.005931
1.055;-0.000152
1.056;-0.005412
1.057;-0.003604
1.058;0.004451
1.059;0.016945
1.06;0.029109
1.061;0.045713
1.062;0.06248
1.063;0.073987
1.064;0.074152
1.065;0.076618
1.066;0.074316
1.067;0.065932
1.068;0.049
1.069;0.035685
1.07;0.019739
1.071;0.006753
1.072;-0.001467
1.073;-0.00196
1.074;0.004122
1.075;0.00889
1.076;0.026644
1.077;0.036343
1.078;0.056727
1.079;0.063467
1.08;0.075138
1.081;0.081056
1.082;0.079741
1.083;0.071028
1.084;0.058206
1.085;0.044562
1.086;0.028452
1.087;0.013986
1.088;0.003958
1.089;-0.00196
1.09;-0.00607
1.091;0.001657
1.092;0.013493
1.093;0.025164
1.094;0.036836
1.095;0.055083
1.096;0.065932
1.097;0.073494
1.098;0.072179
1.099;0.069056
1.1;0.059357
1.101;0.048343
1.102;0.031411
1.103;0.015136
1.104;0.00215
1.105;-0.011494
1.106;-0.014782
1.107;-0.013631
1.108;-0.004097
1.109;0.001821
1.11;0.020561
1.111;0.033219
1.112;0.049165
1.113;0.054754
1.114;0.063302
1.115;0.063138
1.116;0.057549
1.117;0.046699
1.118;0.030589
1.119;0.012671
1.12;-0.002453
1.121;-0.014289
1.122;-0.020536
1.123;-0.023002
1.124;-0.023495
1.125;-0.013796
1.126;0.00067
1.127;0.012013
1.128;0.026479
1.129;0.04111
1.13;0.051959
1.131;0.054261
1.132;0.051631
1.133;0.045055
1.134;0.031082
1.135;0.013986
1.136;-0.000645
1.137;-0.014453
1.138;-0.025632
1.139;-0.035002
1.14;-0.034509
1.141;-0.025467
1.142;-0.016262
1.143;-0.007056
1.144;0.009383
1.145;0.026972
1.146;0.038644
1.147;0.045055
1.148;0.046041
1.149;0.042589
1.15;0.033384
1.151;0.02089
1.152;0.004616
1.153;-0.011823
1.154;-0.028426
1.155;-0.037303
1.156;-0.037961
1.157;-0.036975
1.158;-0.032372
1.159;-0.01544
1.16;-0.002453
1.161;0.008232
1.162;0.025822
1.163;0.034863
1.164;0.040617
1.165;0.041603
1.166;0.036014
1.167;0.023027
1.168;0.010698
1.169;-0.009193
1.17;-0.021193
1.171;-0.033029
1.172;-0.039769
1.173;-0.045852
1.174;-0.038783
1.175;-0.031057
1.176;-0.01659
1.177;-0.003275
1.178;0.010369
1.179;0.02763
1.18;0.035027
1.181;0.03963
1.182;0.036178
1.183;0.030589
1.184;0.014643
1.185;0.001657
1.186;-0.013303
1.187;-0.025632
1.188;-0.040427
1.189;-0.042893
1.19;-0.042564
1.191;-0.036975
1.192;-0.029248
1.193;-0.012974
1.194;-0.000645
1.195;0.01563
1.196;0.028452
1.197;0.034041
1.198;0.03848
1.199;0.031575
1.2;0.024013
1.201;0.012013
1.202;-0.00196
1.203;-0.023002
1.204;-0.032865
1.205;-0.040427
1.206;-0.042893
1.207;-0.043715
1.208;-0.035988
1.209;-0.021851
1.21;-0.0087
1.211;0.003958
1.212;0.019739
1.213;0.031575
1.214;0.03437
1.215;0.035685
1.216;0.029767
1.217;0.021219
1.218;0.003465
1.219;-0.008864
1.22;-0.024646
1.221;-0.035166
1.222;-0.046016
1.223;-0.043221
1.224;-0.039276
1.225;-0.031879
1.226;-0.019056
1.227;-0.007385
1.228;0.010205
1.229;0.022698
1.23;0.033055
1.231;0.037329
1.232;0.036671
1.233;0.024507
1.234;0.016287
1.235;0.000506
1.236;-0.013796
1.237;-0.030235
1.238;-0.03944
1.239;-0.041742
1.24;-0.042728
1.241;-0.039112
1.242;-0.025961
1.243;-0.012974
1.244;-0.001302
1.245;0.017931
1.246;0.02763
1.247;0.037822
1.248;0.03437
1.249;0.032068
1.25;0.024507
1.251;0.012671
1.252;-0.005905
1.253;-0.018563
1.254;-0.033194
1.255;-0.040756
1.256;-0.043057
1.257;-0.043386
1.258;-0.034344
1.259;-0.024481
1.26;-0.010344
1.261;0.004944
1.262;0.021548
1.263;0.026972
1.264;0.037164
1.265;0.036836
1.266;0.033548
1.267;0.019246
1.268;0.006424
1.269;-0.009029
1.27;-0.02333
1.271;-0.036481
1.272;-0.04092
1.273;-0.043057
1.274;-0.040262
1.275;-0.029248
1.276;-0.016919
1.277;-0.00459
1.278;0.010205
1.279;0.026315
1.28;0.035521
1.281;0.039466
1.282;0.032233
1.283;0.029931
1.284;0.017602
1.285;0.003136
1.286;-0.011988
1.287;-0.027933
1.288;-0.035495
1.289;-0.043057
1.29;-0.042235
1.291;-0.036153
1.292;-0.025796
1.293;-0.014125
1.294;0.000999
1.295;0.018589
1.296;0.031247
1.297;0.032397
1.298;0.037493
1.299;0.035521
1.3;0.028452
1.301;0.014315
1.302;-0.002617
1.303;-0.017084
1.304;-0.030235
1.305;-0.038783
1.306;-0.041578
1.307;-0.042235
1.308;-0.035824
1.309;-0.020371
1.31;-0.006563
1.311;0.005931
1.312;0.01826
1.313;0.031904
1.314;0.039137
1.315;0.039302
1.316;0.031411
1.317;0.020726
1.318;0.007903
1.319;-0.007549
1.32;-0.022344
1.321;-0.033851
1.322;-0.041249
1.323;-0.04618
1.324;-0.04092
1.325;-0.028591
1.326;-0.017248
1.327;-0.005412
1.328;0.010205
1.329;0.027137
1.33;0.036836
1.331;0.037329
1.332;0.037
1.333;0.031082
1.334;0.018753
1.335;0.004287
1.336;-0.011659
1.337;-0.026618
1.338;-0.03829
1.339;-0.042893
1.34;-0.040756
1.341;-0.034673
1.342;-0.027276
1.343;-0.009357
1.344;0.001821
1.345;0.021054
1.346;0.029438
1.347;0.038151
1.348;0.042589
1.349;0.039302
1.35;0.028781
1.351;0.015136
1.352;0.00067
1.353;-0.016097
1.354;-0.028426
1.355;-0.035331
1.356;-0.038947
1.357;-0.04092
1.358;-0.030563
1.359;-0.016097
1.36;-0.002946
1.361;0.007575
1.362;0.025986
1.363;0.038644
1.364;0.044562
1.365;0.043411
1.366;0.03848
1.367;0.028123
1.368;0.013328
1.369;-0.002289
1.37;-0.016097
1.371;-0.027933
1.372;-0.037139
1.373;-0.037303
1.374;-0.032865
1.375;-0.022673
1.376;-0.012481
1.377;0.007081
1.378;0.019575
1.379;0.036178
1.38;0.046041
1.381;0.04785
1.382;0.048672
1.383;0.038808
1.384;0.028288
1.385;0.013657
1.386;-0.001138
1.387;-0.017741
1.388;-0.026783
1.389;-0.029084
1.39;-0.030399
1.391;-0.028426
1.392;-0.014618
1.393;1.27E-05
1.394;0.011191
1.395;0.029603
1.396;0.041439
1.397;0.048836
1.398;0.049658
1.399;0.046535
1.4;0.036671
1.401;0.023849
1.402;0.005438
1.403;-0.008864
1.404;-0.023002
1.405;-0.029248
1.406;-0.037468
1.407;-0.031714
1.408;-0.025303
1.409;-0.012481
1.41;0.000177
1.411;0.013164
1.412;0.029931
1.413;0.039959
1.414;0.045055
1.415;0.044891
1.416;0.040288
1.417;0.025
1.418;0.013328
1.419;-0.002124
1.42;-0.014289
1.421;-0.031385
1.422;-0.035002
1.423;-0.036975
1.424;-0.032207
1.425;-0.026783
1.426;-0.009686
1.427;0.003794
1.428;0.01563
1.429;0.031082
1.43;0.038808
1.431;0.042754
1.432;0.038315
1.433;0.032397
1.434;0.021548
1.435;0.007903
1.436;-0.012316
1.437;-0.023659
1.438;-0.032536
1.439;-0.038619
1.44;-0.040756
1.441;-0.034344
1.442;-0.024481
1.443;-0.010344
1.444;0.00067
1.445;0.020397
1.446;0.033219
1.447;0.035849
1.448;0.03963
1.449;0.036178
1.45;0.029109
1.451;0.011191
1.452;-0.001138
1.453;-0.016426
1.454;-0.03007
1.455;-0.039605
1.456;-0.042893
1.457;-0.041578
1.458;-0.032372
1.459;-0.021358
1.46;-0.00607
1.461;0.007246
1.462;0.018917
1.463;0.032233
1.464;0.037822
1.465;0.040452
1.466;0.029931
1.467;0.023027
1.468;0.008725
1.469;-0.007056
1.47;-0.02481
1.471;-0.034509
1.472;-0.041249
1.473;-0.043221
1.474;-0.041084
1.475;-0.030399
1.476;-0.016426
1.477;-0.004919
1.478;0.008397
1.479;0.025493
1.48;0.034534
1.481;0.033219
1.482;0.034206
1.483;0.028781
1.484;0.017438
1.485;-0.001467
1.486;-0.015275
1.487;-0.028591
1.488;-0.040427
1.489;-0.047495
1.49;-0.045852
1.491;-0.03944
1.492;-0.032043
1.493;-0.017084
1.494;-0.00722
1.495;0.007739
1.496;0.01826
1.497;0.025493
1.498;0.027137
1.499;0.025493
1.5;0.011191
1.501;-0.00196
1.502;-0.017248
1.503;-0.033522
1.504;-0.044537
1.505;-0.056208
1.506;-0.05851
1.507;-0.057194
1.508;-0.048317
1.509;-0.033851
1.51;-0.017248
1.511;-0.002617
1.512;0.016287
1.513;0.032068
1.514;0.042425
1.515;0.041603
1.516;0.044069
1.517;0.040945
1.518;0.03437
1.519;0.02352
1.52;0.013493
1.521;0.006917
1.522;0.006095
1.523;0.01004
1.524;0.022041
1.525;0.037986
1.526;0.05459
1.527;0.077275
1.528;0.094536
1.529;0.115085
1.53;0.124619
1.531;0.133496
1.532;0.134647
1.533;0.128236
1.534;0.113441
1.535;0.092892
1.536;0.072672
1.537;0.051466
1.538;0.033219
1.539;0.021548
1.54;0.01415
1.541;0.011027
1.542;0.016616
1.543;0.025493
1.544;0.033055
1.545;0.041767
1.546;0.053603
1.547;0.057549
1.548;0.056562
1.549;0.048507
1.55;0.036014
1.551;0.020068
1.552;0.003794
1.553;-0.014125
1.554;-0.027769
1.555;-0.038619
1.556;-0.046674
1.557;-0.04355
1.558;-0.035002
1.559;-0.023002
1.56;-0.013303
1.561;0.001985
1.562;0.02089
1.563;0.031082
1.564;0.033712
1.565;0.033548
1.566;0.030918
1.567;0.021548
1.568;0.007575
1.569;-0.009357
1.57;-0.024481
1.571;-0.035988
1.572;-0.042399
1.573;-0.039934
1.574;-0.036646
1.575;-0.028755
1.576;-0.012316
1.577;0.003629
1.578;0.016616
1.579;0.030425
1.58;0.040452
1.581;0.045713
1.582;0.043411
1.583;0.037493
1.584;0.024342
1.585;0.009712
1.586;-0.008207
1.587;-0.021029
1.588;-0.030892
1.589;-0.035331
1.59;-0.04092
1.591;-0.031714
1.592;-0.020536
1.593;-0.00722
1.594;0.004616
1.595;0.019739
1.596;0.036836
1.597;0.041932
1.598;0.042918
1.599;0.039302
1.6;0.032233
1.601;0.015958
1.602;0.001163
1.603;-0.01396
1.604;-0.026289
1.605;-0.039276
1.606;-0.040262
1.607;-0.036646
1.608;-0.030892
1.609;-0.019549
1.61;-0.001138
1.611;0.010534
1.612;0.027301
1.613;0.036671
1.614;0.043411
1.615;0.044562
1.616;0.035849
1.617;0.025822
1.618;0.012835
1.619;-0.000809
1.62;-0.019385
1.621;-0.029084
1.622;-0.034838
1.623;-0.035988
1.624;-0.03681
1.625;-0.024152
1.626;-0.009851
1.627;0.004122
1.628;0.017438
1.629;0.032397
1.63;0.042918
1.631;0.044233
1.632;0.044726
1.633;0.036507
1.634;0.025329
1.635;0.008232
1.636;-0.004426
1.637;-0.019385
1.638;-0.027111
1.639;-0.037797
1.64;-0.032043
1.641;-0.029413
1.642;-0.017577
1.643;-0.003768
1.644;0.010205
1.645;0.025822
1.646;0.039137
1.647;0.047028
1.648;0.049165
1.649;0.047357
1.65;0.035849
1.651;0.023027
1.652;0.010698
1.653;-0.003275
1.654;-0.021687
1.655;-0.027605
1.656;-0.02892
1.657;-0.02744
1.658;-0.021851
1.659;-0.0087
1.66;0.008397
1.661;0.01826
1.662;0.037
1.663;0.048179
1.664;0.054918
1.665;0.051138
1.666;0.048014
1.667;0.038644
1.668;0.026315
1.669;0.006588
1.67;-0.005083
1.671;-0.016919
1.672;-0.023166
1.673;-0.024481
1.674;-0.020371
1.675;-0.012974
1.676;0.001821
1.677;0.01678
1.678;0.030425
1.679;0.048179
1.68;0.054425
1.681;0.05985
1.682;0.05985
1.683;0.053603
1.684;0.037986
1.685;0.025329
1.686;0.011356
1.687;-0.003275
1.688;-0.014125
1.689;-0.017741
1.69;-0.016097
1.691;-0.011659
1.692;-0.000809
1.693;0.014643
1.694;0.027137
1.695;0.041767
1.696;0.056891
1.697;0.064946
1.698;0.069056
1.699;0.062316
1.7;0.055905
1.701;0.043082
1.702;0.027466
1.703;0.012177
1.704;-0.000316
1.705;-0.00722
1.706;-0.010837
1.707;-0.009029
1.708;-0.000152
1.709;0.010369
1.71;0.022863
1.711;0.038973
1.712;0.057713
1.713;0.069056
1.714;0.069549
1.715;0.072344
1.716;0.068727
1.717;0.060343
1.718;0.044562
1.719;0.028945
1.72;0.014479
1.721;0.003465
1.722;-0.002946
1.723;-0.004097
1.724;-0.000974
1.725;0.006917
1.726;0.024342
1.727;0.038151
1.728;0.051466
1.729;0.063302
1.73;0.074481
1.731;0.081221
1.732;0.08007
1.733;0.069549
1.734;0.058371
1.735;0.046863
1.736;0.030753
1.737;0.016616
1.738;0.005273
1.739;-0.000152
1.74;-0.000645
1.741;0.004122
1.742;0.016945
1.743;0.030918
1.744;0.041274
1.745;0.058535
1.746;0.073166
1.747;0.079577
1.748;0.077275
1.749;0.076453
1.75;0.068234
1.751;0.05459
1.752;0.039959
1.753;0.023191
1.754;0.009218
1.755;-0.000809
1.756;-0.004755
1.757;-0.002124
1.758;0.005438
1.759;0.014972
1.76;0.03174
1.761;0.041603
1.762;0.060508
1.763;0.066097
1.764;0.073823
1.765;0.073659
1.766;0.067905
1.767;0.056398
1.768;0.041603
1.769;0.025986
1.77;0.007903
1.771;-0.003768
1.772;-0.009686
1.773;-0.011494
1.774;-0.012645
1.775;-0.001138
1.776;0.012671
1.777;0.025822
1.778;0.034863
1.779;0.052124
1.78;0.060836
1.781;0.065439
1.782;0.061165
1.783;0.052946
1.784;0.040452
1.785;0.025822
1.786;0.00889
1.787;-0.005412
1.788;-0.017248
1.789;-0.025632
1.79;-0.024481
1.791;-0.017906
1.792;-0.007878
1.793;0.002479
1.794;0.019904
1.795;0.031904
1.796;0.046863
1.797;0.051795
1.798;0.052453
1.799;0.050316
1.8;0.040288
1.801;0.026315
1.802;0.01004
1.803;-0.004426
1.804;-0.02218
1.805;-0.029413
1.806;-0.031057
1.807;-0.02892
1.808;-0.026618
1.809;-0.013138
1.81;0.003629
1.811;0.013493
1.812;0.028123
1.813;0.038973
1.814;0.047357
1.815;0.046041
1.816;0.039795
1.817;0.027959
1.818;0.015136
1.819;-0.003275
1.82;-0.017577
1.821;-0.029248
1.822;-0.036317
1.823;-0.041742
1.824;-0.034344
1.825;-0.025139
1.826;-0.013303
1.827;0.000177
1.828;0.015136
1.829;0.030096
1.83;0.039959
1.831;0.043576
1.832;0.039137
1.833;0.033384
1.834;0.01826
1.835;0.003136
1.836;-0.011659
1.837;-0.022015
1.838;-0.037797
1.839;-0.041906
1.84;-0.039605
1.841;-0.035495
1.842;-0.026783
1.843;-0.010673
1.844;0.003958
1.845;0.016616
1.846;0.030589
1.847;0.036343
1.848;0.040123
1.849;0.032562
1.85;0.024835
1.851;0.012999
1.852;-0.002782
1.853;-0.021687
1.854;-0.031385
1.855;-0.039605
1.856;-0.041906
1.857;-0.042564
1.858;-0.033358
1.859;-0.023988
1.86;-0.008864
1.861;0.004122
1.862;0.01826
1.863;0.033055
1.864;0.035356
1.865;0.037164
1.866;0.032068
1.867;0.022863
1.868;0.005273
1.869;-0.0087
1.87;-0.024317
1.871;-0.035002
1.872;-0.045523
1.873;-0.04503
1.874;-0.039605
1.875;-0.030728
1.876;-0.018728
1.877;-0.00196
1.878;0.009054
1.879;0.02352
1.88;0.033877
1.881;0.036836
1.882;0.036671
1.883;0.026479
1.884;0.015301
1.885;0.001163
1.886;-0.012974
1.887;-0.032372
1.888;-0.039276
1.889;-0.042893
1.89;-0.042728
1.891;-0.038783
1.892;-0.02744
1.893;-0.01281
1.894;-0.000645
1.895;0.013821
1.896;0.028452
1.897;0.037329
1.898;0.034699
1.899;0.033055
1.9;0.025329
1.901;0.013493
1.902;-0.007878
1.903;-0.021029
1.904;-0.032207
1.905;-0.040262
1.906;-0.04503
1.907;-0.039769
1.908;-0.034344
1.909;-0.02481
1.91;-0.009029
1.911;0.003465
1.912;0.019411
1.913;0.028616
1.914;0.036343
1.915;0.037493
1.916;0.03289
1.917;0.018095
1.918;0.005273
1.919;-0.006727
1.92;-0.022344
1.921;-0.03418
1.922;-0.043057
1.923;-0.042071
1.924;-0.039112
1.925;-0.031221
1.926;-0.017248
1.927;-0.001631
1.928;0.008561
1.929;0.02615
1.93;0.034534
1.931;0.038644
1.932;0.03289
1.933;0.027794
1.934;0.017602
1.935;0.004287
1.936;-0.013303
1.937;-0.028098
1.938;-0.038454
1.939;-0.043221
1.94;-0.042893
1.941;-0.037468
1.942;-0.026289
1.943;-0.014782
1.944;0.002314
1.945;0.015465
1.946;0.030753
1.947;0.033055
1.948;0.037329
1.949;0.035685
1.95;0.027301
1.951;0.012506
1.952;-0.003275
1.953;-0.017412
1.954;-0.031879
1.955;-0.041084
1.956;-0.041578
1.957;-0.041249
1.958;-0.035002
1.959;-0.019385
1.96;-0.005576
1.961;0.005931
1.962;0.017931
1.963;0.031575
1.964;0.039466
1.965;0.038808
1.966;0.031575
1.967;0.019739
1.968;0.008232
1.969;-0.006563
1.97;-0.020536
1.971;-0.033358
1.972;-0.040591
1.973;-0.045194
1.974;-0.039934
1.975;-0.029413
1.976;-0.017906
1.977;-0.006563
1.978;0.009054
1.979;0.02763
1.98;0.037
1.981;0.035685
1.982;0.034863
1.983;0.029931
1.984;0.020561
1.985;0.003301
1.986;-0.013796
1.987;-0.027933
1.988;-0.037632
1.989;-0.044372
1.99;-0.040756
1.991;-0.037139
1.992;-0.030563
1.993;-0.012152
1.994;0.002643
1.995;0.015958
1.996;0.026644
1.997;0.036671
1.998;0.040123
1.999;0.036671
2;0.026644
2.001;0.013986
2.002;-0.002946
2.003;-0.01807
2.004;-0.031385
2.005;-0.037961
2.006;-0.04092
2.007;-0.042071
2.008;-0.03418
2.009;-0.019385
2.01;-0.005083
2.011;0.006259
2.012;0.02237
2.013;0.036343
2.014;0.042096
2.015;0.040617
2.016;0.034534
2.017;0.025329
2.018;0.010862
2.019;-0.004426
2.02;-0.018892
2.021;-0.031879
2.022;-0.040427
2.023;-0.041578
2.024;-0.035002
2.025;-0.025632
2.026;-0.015604
2.027;0.003958
2.028;0.013821
2.029;0.03174
2.03;0.040452
2.031;0.042589
2.032;0.044398
2.033;0.036343
2.034;0.025986
2.035;0.009712
2.036;-0.006563
2.037;-0.023824
2.038;-0.032372
2.039;-0.036317
2.04;-0.033358
2.041;-0.032043
2.042;-0.019221
2.043;-0.00196
2.044;0.012177
2.045;0.023685
2.046;0.038644
2.047;0.047521
2.048;0.048014
2.049;0.044891
2.05;0.035849
2.051;0.024013
2.052;0.006753
2.053;-0.006398
2.054;-0.019549
2.055;-0.028098
2.056;-0.036481
2.057;-0.029084
2.058;-0.023166
2.059;-0.009357
2.06;0.002479
2.061;0.019575
2.062;0.031247
2.063;0.045055
2.064;0.050809
2.065;0.04785
2.066;0.043411
2.067;0.029603
2.068;0.017931
2.069;0.001328
2.07;-0.010837
2.071;-0.028098
2.072;-0.032207
2.073;-0.032372
2.074;-0.028755
2.075;-0.021522
2.076;-0.010837
2.077;0.00741
2.078;0.01563
2.079;0.035192
2.08;0.042425
2.081;0.047192
2.082;0.040617
2.083;0.036507
2.084;0.02352
2.085;0.011027
2.086;-0.011494
2.087;-0.021358
2.088;-0.033029
2.089;-0.037139
2.09;-0.038454
2.091;-0.031714
2.092;-0.021358
2.093;-0.007056
2.094;0.006753
2.095;0.018753
2.096;0.034206
2.097;0.037986
2.098;0.042261
2.099;0.039137
2.1;0.030425
2.101;0.012342
2.102;-0.001467
2.103;-0.015604
2.104;-0.029248
2.105;-0.041084
2.106;-0.041413
2.107;-0.036975
2.108;-0.031385
2.109;-0.020371
2.11;-0.004097
2.111;0.009876
2.112;0.02089
2.113;0.033548
2.114;0.040452
2.115;0.039466
2.116;0.03026
2.117;0.02352
2.118;0.009876
2.119;-0.006727
2.12;-0.024152
2.121;-0.035495
2.122;-0.041578
2.123;-0.042399
2.124;-0.038454
2.125;-0.031057
2.126;-0.01807
2.127;-0.003933
2.128;0.007903
2.129;0.024835
2.13;0.036178
2.131;0.036014
2.132;0.035849
2.133;0.029438
2.134;0.018095
2.135;1.27E-05
2.136;-0.015275
2.137;-0.026618
2.138;-0.038454
2.139;-0.042235
2.14;-0.042728
2.141;-0.037468
2.142;-0.026783
2.143;-0.012645
2.144;0.002972
2.145;0.01415
2.146;0.025657
2.147;0.036014
2.148;0.038151
2.149;0.034863
2.15;0.020726
2.151;0.009383
2.152;-0.004097
2.153;-0.020865
2.154;-0.033029
2.155;-0.044208
2.156;-0.047002
2.157;-0.043879
2.158;-0.040262
2.159;-0.027111
2.16;-0.012481
2.161;-0.003111
2.162;0.011356
2.163;0.023356
2.164;0.029109
2.165;0.022698
2.166;0.018753
2.167;0.009712
2.168;-0.005741
2.169;-0.022508
2.17;-0.038783
2.171;-0.050783
2.172;-0.05703
2.173;-0.059825
2.174;-0.053413
2.175;-0.041742
2.176;-0.030399
2.177;-0.008207
2.178;0.004616
2.179;0.02237
2.18;0.034863
2.181;0.045548
2.182;0.051138
2.183;0.047521
2.184;0.041932
2.185;0.031575
2.186;0.023685
2.187;0.015465
2.188;0.012835
2.189;0.012342
2.19;0.020068
2.191;0.029274
2.192;0.048507
2.193;0.069056
2.194;0.088454
2.195;0.103413
2.196;0.122153
2.197;0.133496
2.198;0.136784
2.199;0.130044
2.2;0.120181
2.201;0.103577
2.202;0.083686
2.203;0.061658
2.204;0.040123
2.205;0.022534
2.206;0.009876
2.207;0.005602
2.208;0.00741
2.209;0.014808
2.21;0.021219
2.211;0.034699
2.212;0.043411
2.213;0.054261
2.214;0.052781
2.215;0.048672
2.216;0.043247
2.217;0.030753
2.218;0.013986
2.219;-0.006563
2.22;-0.022015
2.221;-0.036481
2.222;-0.044043
2.223;-0.042893
2.224;-0.040591
2.225;-0.034016
2.226;-0.020207
2.227;-0.003933
2.228;0.006753
2.229;0.019082
2.23;0.030753
2.231;0.036671
2.232;0.035192
2.233;0.028123
2.234;0.014315
2.235;0.000835
2.236;-0.016426
2.237;-0.027769
2.238;-0.035824
2.239;-0.041249
2.24;-0.042071
2.241;-0.032865
2.242;-0.021193
2.243;-0.007549
2.244;0.006095
2.245;0.02089
2.246;0.037
2.247;0.045548
2.248;0.046699
2.249;0.041274
2.25;0.032233
2.251;0.018753
2.252;0.005273
2.253;-0.012316
2.254;-0.025139
2.255;-0.037468
2.256;-0.038783
2.257;-0.035166
2.258;-0.02892
2.259;-0.019878
2.26;-0.00196
2.261;0.012999
2.262;0.023685
2.263;0.037822
2.264;0.041603
2.265;0.042918
2.266;0.037
2.267;0.026808
2.268;0.012177
2.269;-0.003933
2.27;-0.022015
2.271;-0.032701
2.272;-0.038454
2.273;-0.03681
2.274;-0.037139
2.275;-0.027276
2.276;-0.011166
2.277;0.000999
2.278;0.014479
2.279;0.029603
2.28;0.041932
2.281;0.045055
2.282;0.041932
2.283;0.034534
2.284;0.022534
2.285;0.004451
2.286;-0.009357
2.287;-0.022673
2.288;-0.031057
2.289;-0.040427
2.29;-0.037303
2.291;-0.030235
2.292;-0.020371
2.293;-0.007878
2.294;0.010534
2.295;0.021548
2.296;0.037329
2.297;0.043904
2.298;0.045877
2.299;0.042918
2.3;0.030753
2.301;0.020397
2.302;0.005438
2.303;-0.009522
2.304;-0.026783
2.305;-0.031057
2.306;-0.033194
2.307;-0.029577
2.308;-0.028262
2.309;-0.014289
2.31;0.003629
2.311;0.018589
2.312;0.030918
2.313;0.043082
2.314;0.049494
2.315;0.046699
2.316;0.044069
2.317;0.032562
2.318;0.021548
2.319;0.000835
2.32;-0.010673
2.321;-0.023824
2.322;-0.029413
2.323;-0.032043
2.324;-0.024481
2.325;-0.016919
2.326;-0.003275
2.327;0.012013
2.328;0.024671
2.329;0.03848
2.33;0.048672
2.331;0.05459
2.332;0.052288
2.333;0.047685
2.334;0.030753
2.335;0.019739
2.336;0.002479
2.337;-0.009851
2.338;-0.021193
2.339;-0.025139
2.34;-0.02218
2.341;-0.015604
2.342;-0.007385
2.343;0.005273
2.344;0.02352
2.345;0.035192
2.346;0.051138
2.347;0.05722
2.348;0.06133
2.349;0.05459
2.35;0.049165
2.351;0.036507
2.352;0.021876
2.353;0.003629
2.354;-0.007056
2.355;-0.015604
2.356;-0.019221
2.357;-0.015933
2.358;-0.007878
2.359;0.003136
2.36;0.018095
2.361;0.034206
2.362;0.047192
2.363;0.062809
2.364;0.063631
2.365;0.064782
2.366;0.061823
2.367;0.052781
2.368;0.035849
2.369;0.020561
2.37;0.008068
2.371;-0.003439
2.372;-0.01133
2.373;-0.010837
2.374;-0.005905
2.375;0.001985
2.376;0.017767
2.377;0.033055
2.378;0.047357
2.379;0.057384
2.38;0.070371
2.381;0.073494
2.382;0.074974
2.383;0.064453
2.384;0.053439
2.385;0.040617
2.386;0.024178
2.387;0.011191
2.388;-0.001302
2.389;-0.003933
2.39;-0.005083
2.391;0.001657
2.392;0.012835
2.393;0.026479
2.394;0.038644
2.395;0.053603
2.396;0.071357
2.397;0.079905
2.398;0.078262
2.399;0.076125
2.4;0.068234
2.401;0.056398
2.402;0.040452
2.403;0.024178
2.404;0.009054
2.405;0.001492
2.406;-0.000974
2.407;0.003136
2.408;0.010698
2.409;0.017274
2.41;0.036507
2.411;0.049329
2.412;0.062316
2.413;0.071028
2.414;0.079905
2.415;0.080563
2.416;0.075138
2.417;0.063631
2.418;0.048672
2.419;0.030096
2.42;0.017602
2.421;0.005931
2.422;-0.002289
2.423;-0.004097
2.424;-0.003275
2.425;0.006424
2.426;0.020068
2.427;0.03437
2.428;0.045055
2.429;0.060508
2.43;0.071028
2.431;0.074316
2.432;0.071193
2.433;0.062316
2.434;0.051959
2.435;0.036671
2.436;0.018753
2.437;0.004122
2.438;-0.008371
2.439;-0.016426
2.44;-0.014453
2.441;-0.008042
2.442;0.001657
2.443;0.012177
2.444;0.031082
2.445;0.039959
2.446;0.05574
2.447;0.06133
2.448;0.062809
2.449;0.060014
2.45;0.049494
2.451;0.036836
2.452;0.019246
2.453;0.002314
2.454;-0.01396
2.455;-0.021687
2.456;-0.02481
2.457;-0.021358
2.458;-0.020207
2.459;-0.002617
2.46;0.010369
2.461;0.025164
2.462;0.035192
2.463;0.04785
2.464;0.053603
2.465;0.052617
2.466;0.04522
2.467;0.035849
2.468;0.022205
2.469;0.001657
2.47;-0.01133
2.471;-0.024481
2.472;-0.03007
2.473;-0.037303
2.474;-0.029906
2.475;-0.021851
2.476;-0.007714
2.477;0.004287
2.478;0.021548
2.479;0.032233
2.48;0.043904
2.481;0.04637
2.482;0.043411
2.483;0.037493
2.484;0.022863
2.485;0.007903
2.486;-0.008042
2.487;-0.019878
2.488;-0.035002
2.489;-0.038947
2.49;-0.036975
2.491;-0.031221
2.492;-0.023988
2.493;-0.009029
2.494;0.006917
2.495;0.017931
2.496;0.030425
2.497;0.039137
2.498;0.041439
2.499;0.037
2.5;0.02763
2.501;0.014479
2.502;-0.000316
2.503;-0.018728
2.504;-0.029577
2.505;-0.040098
2.506;-0.042071
2.507;-0.043879
2.508;-0.032372
2.509;-0.020371
2.51;-0.008535
2.511;0.007081
2.512;0.019082
2.513;0.033219
2.514;0.037
2.515;0.037493
2.516;0.033384
2.517;0.023027
2.518;0.004451
2.519;-0.009193
2.52;-0.02333
2.521;-0.034344
2.522;-0.044701
2.523;-0.044865
2.524;-0.039769
2.525;-0.032207
2.526;-0.019221
2.527;-0.002617
2.528;0.012013
2.529;0.02237
2.53;0.034699
2.531;0.037658
2.532;0.038151
2.533;0.025164
2.534;0.016123
2.535;0.001328
2.536;-0.013467
2.537;-0.032207
2.538;-0.03944
2.539;-0.043879
2.54;-0.041742
2.541;-0.037797
2.542;-0.026289
2.543;-0.014782
2.544;0.000999
2.545;0.012177
2.546;0.025822
2.547;0.036836
2.548;0.034863
2.549;0.03289
2.55;0.024013
2.551;0.011356
2.552;-0.007878
2.553;-0.021358
2.554;-0.034344
2.555;-0.042071
2.556;-0.044865
2.557;-0.042893
2.558;-0.036153
2.559;-0.023166
2.56;-0.009851
2.561;0.008068
2.562;0.016123
2.563;0.029438
2.564;0.036014
2.565;0.037493
2.566;0.031411
2.567;0.01678
2.568;0.004616
2.569;-0.010179
2.57;-0.024974
2.571;-0.035166
2.572;-0.04355
2.573;-0.042893
2.574;-0.039276
2.575;-0.032865
2.576;-0.018728
2.577;-0.002946
2.578;0.007739
2.579;0.022698
2.58;0.035685
2.581;0.038808
2.582;0.032233
2.583;0.027301
2.584;0.017438
2.585;0.001657
2.586;-0.016426
2.587;-0.028591
2.588;-0.039276
2.589;-0.04355
2.59;-0.04503
2.591;-0.036481
2.592;-0.027276
2.593;-0.01659
2.594;0.003958
2.595;0.013821
2.596;0.026315
2.597;0.033548
2.598;0.036178
2.599;0.034699
2.6;0.025
2.601;0.009547
2.602;-0.003275
2.603;-0.018399
2.604;-0.031714
2.605;-0.039276
2.606;-0.043386
2.607;-0.040262
2.608;-0.036646
2.609;-0.021687
2.61;-0.008042
2.611;0.008725
2.612;0.019246
2.613;0.034863
2.614;0.039302
2.615;0.038973
2.616;0.028781
2.617;0.022698
2.618;0.008397
2.619;-0.007056
2.62;-0.021358
2.621;-0.033851
2.622;-0.042893
2.623;-0.044701
2.624;-0.040098
2.625;-0.030399
2.626;-0.016426
2.627;-0.004755
2.628;0.012999
2.629;0.023685
2.63;0.036507
2.631;0.036507
2.632;0.036014
2.633;0.029931
2.634;0.020068
2.635;0.003958
2.636;-0.014125
2.637;-0.028591
2.638;-0.038454
2.639;-0.04355
2.64;-0.041084
2.641;-0.035824
2.642;-0.028426
2.643;-0.011988
2.644;0.004122
2.645;0.014643
2.646;0.026315
2.647;0.035685
2.648;0.037986
2.649;0.035849
2.65;0.025329
2.651;0.010205
2.652;-0.004755
2.653;-0.018892
2.654;-0.031057
2.655;-0.038783
2.656;-0.044208
2.657;-0.043386
2.658;-0.034673
2.659;-0.021193
2.66;-0.007385
2.661;0.004451
2.662;0.018589
2.663;0.033712
2.664;0.039959
2.665;0.040123
2.666;0.033219
2.667;0.022863
2.668;0.008561
2.669;-0.006563
2.67;-0.02218
2.671;-0.034509
2.672;-0.042399
2.673;-0.043057
2.674;-0.034838
2.675;-0.028755
2.676;-0.016426
2.677;0.001492
2.678;0.01563
2.679;0.026315
2.68;0.038808
2.681;0.040617
2.682;0.039137
2.683;0.032562
2.684;0.02089
2.685;0.005602
2.686;-0.010344
2.687;-0.025632
2.688;-0.034344
2.689;-0.038619
2.69;-0.036481
2.691;-0.035495
2.692;-0.021358
2.693;-0.008207
2.694;0.006588
2.695;0.021054
2.696;0.033384
2.697;0.044069
2.698;0.045877
2.699;0.040617
2.7;0.03026
2.701;0.019904
2.702;0.000506
2.703;-0.012974
2.704;-0.025139
2.705;-0.032043
2.706;-0.038947
2.707;-0.034016
2.708;-0.026454
2.709;-0.013631
2.71;1.27E-05
2.711;0.018753
2.712;0.027794
2.713;0.042754
2.714;0.049658
2.715;0.047028
2.716;0.042754
2.717;0.030589
2.718;0.018917
2.719;0.001492
2.72;-0.010673
2.721;-0.026947
2.722;-0.030728
2.723;-0.029906
2.724;-0.025632
2.725;-0.020043
2.726;-0.005083
2.727;0.010369
2.728;0.023191
2.729;0.034699
2.73;0.046206
2.731;0.050151
2.732;0.045384
2.733;0.039466
2.734;0.026972
2.735;0.013328
2.736;-0.006892
2.737;-0.017084
2.738;-0.029577
2.739;-0.033687
2.74;-0.03566
2.741;-0.02744
2.742;-0.019056
2.743;-0.003275
2.744;0.009876
2.745;0.025986
2.746;0.033548
2.747;0.043411
2.748;0.045713
2.749;0.040781
2.75;0.03289
2.751;0.016287
2.752;0.002479
2.753;-0.012974
2.754;-0.024974
2.755;-0.03829
2.756;-0.040098
2.757;-0.034016
2.758;-0.027769
2.759;-0.017248
2.76;-0.003275
2.761;0.013328
2.762;0.021383
2.763;0.034534
2.764;0.042425
2.765;0.041603
2.766;0.033055
2.767;0.024013
2.768;0.009218
2.769;-0.003933
2.77;-0.023659
2.771;-0.032043
2.772;-0.038947
2.773;-0.04092
2.774;-0.03681
2.775;-0.027769
2.776;-0.014947
2.777;-0.001138
2.778;0.013821
2.779;0.024835
2.78;0.037
2.781;0.037164
2.782;0.037164
2.783;0.030918
2.784;0.021219
2.785;-0.000152
2.786;-0.013303
2.787;-0.028262
2.788;-0.037632
2.789;-0.043221
2.79;-0.041742
2.791;-0.036153
2.792;-0.026947
2.793;-0.013303
2.794;0.005109
2.795;0.01826
2.796;0.027794
2.797;0.036836
2.798;0.039959
2.799;0.035685
2.8;0.021876
2.801;0.011356
2.802;-0.002782
2.803;-0.018563
2.804;-0.032207
2.805;-0.040262
2.806;-0.043715
2.807;-0.041413
2.808;-0.035002
2.809;-0.020536
2.81;-0.010344
2.811;0.004122
2.812;0.017767
2.813;0.03026
2.814;0.037329
2.815;0.032068
2.816;0.027959
2.817;0.020561
2.818;0.006424
2.819;-0.011988
2.82;-0.026618
2.821;-0.038947
2.822;-0.045523
2.823;-0.047002
2.824;-0.042235
2.825;-0.036317
2.826;-0.026454
2.827;-0.008042
2.828;0.005766
2.829;0.012177
2.83;0.020726
2.831;0.025657
2.832;0.024342
2.833;0.01563
2.834;0.000506
2.835;-0.013303
2.836;-0.029413
2.837;-0.043057
2.838;-0.05177
2.839;-0.057359
2.84;-0.058181
2.841;-0.053413
2.842;-0.037961
2.843;-0.019549
2.844;-0.001796
2.845;0.011684
2.846;0.03026
2.847;0.045713
2.848;0.052781
2.849;0.050151
2.85;0.048836
2.851;0.042261
2.852;0.03437
2.853;0.024507
2.854;0.018589
2.855;0.013493
2.856;0.014972
2.857;0.02615
2.858;0.040288
2.859;0.058535
2.86;0.073166
2.861;0.098975
2.862;0.109167
2.863;0.12577
2.864;0.131688
2.865;0.131852
2.866;0.127414
2.867;0.113441
2.868;0.093057
2.869;0.069385
2.87;0.046041
2.871;0.02615
2.872;0.012342
2.873;0.005766
2.874;0.003629
2.875;0.004287
2.876;0.014808
2.877;0.026315
2.878;0.038973
2.879;0.042918
2.88;0.050809
2.881;0.051631
2.882;0.047685
2.883;0.036671
2.884;0.022863
2.885;0.006424
2.886;-0.012152
2.887;-0.026947
2.888;-0.037961
2.889;-0.044701
2.89;-0.048153
2.891;-0.040427
2.892;-0.029577
2.893;-0.016426
2.894;-0.003604
2.895;0.013986
2.896;0.024342
2.897;0.035356
2.898;0.035521
2.899;0.032562
2.9;0.024342
2.901;0.010698
2.902;-0.003604
2.903;-0.019549
2.904;-0.029248
2.905;-0.039934
2.906;-0.042564
2.907;-0.034838
2.908;-0.028591
2.909;-0.018563
2.91;-0.000645
2.911;0.014643
2.912;0.025329
2.913;0.035849
2.914;0.044726
2.915;0.045713
2.916;0.03848
2.917;0.028945
2.918;0.014808
2.919;-0.002124
2.92;-0.018728
2.921;-0.030235
2.922;-0.035331
2.923;-0.037797
2.924;-0.03681
2.925;-0.024152
2.926;-0.010179
2.927;0.002479
2.928;0.016123
2.929;0.027959
2.93;0.040617
2.931;0.044233
2.932;0.041767
2.933;0.034206
2.934;0.023191
2.935;0.00478
2.936;-0.011988
2.937;-0.023824
2.938;-0.032865
2.939;-0.04092
2.94;-0.038454
2.941;-0.031385
2.942;-0.022508
2.943;-0.009851
2.944;0.007739
2.945;0.022863
2.946;0.03289
2.947;0.041767
2.948;0.043082
2.949;0.039795
2.95;0.027466
2.951;0.015958
2.952;0.002972
2.953;-0.010673
2.954;-0.030892
2.955;-0.034016
2.956;-0.035988
2.957;-0.034016
2.958;-0.02892
2.959;-0.016755
2.96;1.27E-05
2.961;0.013821
2.962;0.025164
2.963;0.036836
2.964;0.046863
2.965;0.041439
2.966;0.03963
2.967;0.029438
2.968;0.015794
2.969;-0.00459
2.97;-0.016426
2.971;-0.026618
2.972;-0.035002
2.973;-0.036317
2.974;-0.029577
2.975;-0.021522
2.976;-0.006892
2.977;0.007246
2.978;0.024507
2.979;0.032233
2.98;0.042918
2.981;0.049987
2.982;0.048672
2.983;0.041932
2.984;0.026808
2.985;0.011849
2.986;-0.001631
2.987;-0.01659
2.988;-0.026783
2.989;-0.030235
2.99;-0.028262
2.991;-0.021522
2.992;-0.012316
2.993;0.001821
2.994;0.017767
2.995;0.031575
2.996;0.043411
2.997;0.052781
2.998;0.055905
2.999;0.048179
3;0.041439
3.001;0.027794
3.002;0.015794
3.003;-0.003439
3.004;-0.01396
3.005;-0.021029
3.006;-0.024481
3.007;-0.022837
3.008;-0.013303
3.009;-0.001631
3.01;0.013657
3.011;0.028945
3.012;0.043904
3.013;0.052288
3.014;0.05722
3.015;0.059028
3.016;0.056398
3.017;0.045384
3.018;0.028123
3.019;0.014808
3.02;0.000506
3.021;-0.011823
3.022;-0.016097
3.023;-0.017577
3.024;-0.011823
3.025;-0.003933
3.026;0.01004
3.027;0.023685
3.028;0.042261
3.029;0.050644
3.03;0.064124
3.031;0.069056
3.032;0.067412
3.033;0.055576
3.034;0.047685
3.035;0.034534
3.036;0.019246
3.037;0.004616
3.038;-0.005248
3.039;-0.009851
3.04;-0.009522
3.041;-0.004261
3.042;0.007575
3.043;0.020068
3.044;0.035027
3.045;0.052617
3.046;0.062645
3.047;0.073659
3.048;0.071193
3.049;0.071028
3.05;0.061987
3.051;0.050644
3.052;0.035192
3.053;0.019246
3.054;0.005438
3.055;-0.002453
3.056;-0.007549
3.057;1.27E-05
3.058;0.007739
3.059;0.017109
3.06;0.035356
3.061;0.05048
3.062;0.063302
3.063;0.070207
3.064;0.079577
3.065;0.081221
3.066;0.075631
3.067;0.061987
3.068;0.049
3.069;0.033712
3.07;0.019575
3.071;0.006917
3.072;0.002972
3.073;-0.000974
3.074;0.001163
3.075;0.010698
3.076;0.026315
3.077;0.039302
3.078;0.051959
3.079;0.062809
3.08;0.077933
3.081;0.079412
3.082;0.07744
3.083;0.070042
3.084;0.059521
3.085;0.043576
3.086;0.029603
3.087;0.012506
3.088;0.001657
3.089;-0.005412
3.09;-0.005741
3.091;0.002479
3.092;0.013164
3.093;0.022041
3.094;0.041603
3.095;0.054918
3.096;0.062809
3.097;0.069056
3.098;0.072837
3.099;0.069385
3.1;0.060343
3.101;0.046699
3.102;0.029274
3.103;0.011684
3.104;-0.002617
3.105;-0.012974
3.106;-0.013467
3.107;-0.011166
3.108;-0.008535
3.109;0.00478
3.11;0.020561
3.111;0.032726
3.112;0.043411
3.113;0.055576
3.114;0.063795
3.115;0.062645
3.116;0.056069
3.117;0.042425
3.118;0.030753
3.119;0.010369
3.12;-0.002782
3.121;-0.015933
3.122;-0.021851
3.123;-0.029413
3.124;-0.021358
3.125;-0.012152
3.126;-0.000645
3.127;0.011191
3.128;0.031082
3.129;0.037329
3.13;0.047192
3.131;0.054261
3.132;0.050151
3.133;0.043082
3.134;0.030918
3.135;0.014315
3.136;-0.002946
3.137;-0.014618
3.138;-0.02892
3.139;-0.033358
3.14;-0.032536
3.141;-0.025796
3.142;-0.020371
3.143;-0.002617
3.144;0.012999
3.145;0.024835
3.146;0.035356
3.147;0.043904
3.148;0.047521
3.149;0.04111
3.15;0.032397
3.151;0.017438
3.152;0.003465
3.153;-0.01544
3.154;-0.027769
3.155;-0.035331
3.156;-0.038125
3.157;-0.039605
3.158;-0.027769
3.159;-0.020043
3.16;-0.005248
3.161;0.011027
3.162;0.025986
3.163;0.033548
3.164;0.040123
3.165;0.040781
3.166;0.032562
3.167;0.025
3.168;0.007246
3.169;-0.006234
3.17;-0.02218
3.171;-0.032207
3.172;-0.044865
3.173;-0.043057
3.174;-0.035495
3.175;-0.027276
3.176;-0.016755
3.177;-0.002946
3.178;0.014808
3.179;0.023191
3.18;0.034206
3.181;0.038151
3.182;0.038151
3.183;0.025986
3.184;0.01563
3.185;0.00215
3.186;-0.011823
3.187;-0.030892
3.188;-0.038783
3.189;-0.042893
3.19;-0.044043
3.191;-0.036975
3.192;-0.025796
3.193;-0.012316
3.194;0.000999
3.195;0.016945
3.196;0.027466
3.197;0.036014
3.198;0.036343
3.199;0.033548
3.2;0.024178
3.201;0.012506
3.202;-0.008535
3.203;-0.020536
3.204;-0.033522
3.205;-0.042071
3.206;-0.045852
3.207;-0.041249
3.208;-0.034673
3.209;-0.023495
3.21;-0.009686
3.211;0.006588
3.212;0.021383
3.213;0.029438
3.214;0.037329
3.215;0.035356
3.216;0.031575
3.217;0.017109
3.218;0.006259
3.219;-0.010015
3.22;-0.024481
3.221;-0.037468
3.222;-0.044701
3.223;-0.044208
3.224;-0.041084
3.225;-0.030399
3.226;-0.018234
3.227;-0.002782
3.228;0.009712
3.229;0.022534
3.23;0.03174
3.231;0.03963
3.232;0.031904
3.233;0.026808
3.234;0.015301
3.235;0.001985
3.236;-0.017906
3.237;-0.02744
3.238;-0.038947
3.239;-0.044537
3.24;-0.042235
3.241;-0.03566
3.242;-0.026947
3.243;-0.013467
3.244;0.001985
3.245;0.019246
3.246;0.027794
3.247;0.034041
3.248;0.037
3.249;0.034534
3.25;0.025
3.251;0.008232
3.252;-0.004261
3.253;-0.017906
3.254;-0.032536
3.255;-0.039605
3.256;-0.043715
3.257;-0.041413
3.258;-0.034838
3.259;-0.023002
3.26;-0.008042
3.261;0.007903
3.262;0.017274
3.263;0.030425
3.264;0.039137
3.265;0.039137
3.266;0.029438
3.267;0.020726
3.268;0.008232
3.269;-0.006892
3.27;-0.022837
3.271;-0.035495
3.272;-0.042728
3.273;-0.04618
3.274;-0.040262
3.275;-0.027605
3.276;-0.017741
3.277;-0.004755
3.278;0.014972
3.279;0.023191
3.28;0.033055
3.281;0.035521
3.282;0.035685
3.283;0.029274
3.284;0.018589
3.285;0.003136
3.286;-0.01281
3.287;-0.028098
3.288;-0.038125
3.289;-0.043221
3.29;-0.040098
3.291;-0.036481
3.292;-0.026454
3.293;-0.010179
3.294;0.003301
3.295;0.019739
3.296;0.027301
3.297;0.037986
3.298;0.040123
3.299;0.036014
3.3;0.025822
3.301;0.013164
3.302;-0.003439
3.303;-0.01807
3.304;-0.030399
3.305;-0.038454
3.306;-0.04355
3.307;-0.043386
3.308;-0.033851
3.309;-0.021358
3.31;-0.006727
3.311;0.004451
3.312;0.02237
3.313;0.030753
3.314;0.03963
3.315;0.036671
3.316;0.032068
3.317;0.022863
3.318;0.007739
3.319;-0.006892
3.32;-0.024646
3.321;-0.036153
3.322;-0.043221
3.323;-0.044865
3.324;-0.036317
3.325;-0.02744
3.326;-0.021029
3.327;-0.000152
3.328;0.014643
3.329;0.024013
3.33;0.034534
3.331;0.03963
3.332;0.037164
3.333;0.031575
3.334;0.019739
3.335;0.003794
3.336;-0.011659
3.337;-0.030728
3.338;-0.037961
3.339;-0.039112
3.34;-0.039934
3.341;-0.037139
3.342;-0.023166
3.343;-0.010015
3.344;0.004122
3.345;0.01826
3.346;0.028452
3.347;0.041932
3.348;0.042589
3.349;0.037986
3.35;0.028452
3.351;0.016945
3.352;-0.002782
3.353;-0.015769
3.354;-0.026947
3.355;-0.035824
3.356;-0.042728
3.357;-0.037468
3.358;-0.028426
3.359;-0.01659
3.36;-0.005248
3.361;0.012835
3.362;0.028123
3.363;0.036343
3.364;0.044233
3.365;0.043411
3.366;0.038973
3.367;0.02615
3.368;0.014808
3.369;-0.002289
3.37;-0.015275
3.371;-0.031057
3.372;-0.035988
3.373;-0.037303
3.374;-0.028755
3.375;-0.024481
3.376;-0.007549
3.377;0.008561
3.378;0.02089
3.379;0.034206
3.38;0.044891
3.381;0.049822
3.382;0.046699
3.383;0.041439
3.384;0.02763
3.385;0.015465
3.386;-0.005412
3.387;-0.01659
3.388;-0.026125
3.389;-0.030563
3.39;-0.034673
3.391;-0.024481
3.392;-0.013631
3.393;-0.001631
3.394;0.013821
3.395;0.031575
3.396;0.036507
3.397;0.048343
3.398;0.049329
3.399;0.044562
3.4;0.036836
3.401;0.020232
3.402;0.005109
3.403;-0.009851
3.404;-0.0207
3.405;-0.035331
3.406;-0.035495
3.407;-0.030235
3.408;-0.023988
3.409;-0.012645
3.41;0.00215
3.411;0.01826
3.412;0.029767
3.413;0.037658
3.414;0.045384
3.415;0.044726
3.416;0.037329
3.417;0.027301
3.418;0.013986
3.419;-0.001302
3.42;-0.020043
3.421;-0.029084
3.422;-0.036317
3.423;-0.03829
3.424;-0.035002
3.425;-0.02333
3.426;-0.013303
3.427;0.000835
3.428;0.017274
3.429;0.031575
3.43;0.037
3.431;0.039795
3.432;0.039795
3.433;0.032233
3.434;0.021548
3.435;0.00067
3.436;-0.01133
3.437;-0.026125
3.438;-0.034509
3.439;-0.040262
3.44;-0.041249
3.441;-0.033029
3.442;-0.024481
3.443;-0.011001
3.444;0.005602
3.445;0.020068
3.446;0.026808
3.447;0.037329
3.448;0.039795
3.449;0.036178
3.45;0.021712
3.451;0.011849
3.452;-0.003275
3.453;-0.015933
3.454;-0.032701
3.455;-0.040262
3.456;-0.043221
3.457;-0.041413
3.458;-0.032536
3.459;-0.021029
3.46;-0.005412
3.461;0.00478
3.462;0.02237
3.463;0.030096
3.464;0.040123
3.465;0.033548
3.466;0.031575
3.467;0.021876
3.468;0.008397
3.469;-0.010015
3.47;-0.024317
3.471;-0.035166
3.472;-0.042564
3.473;-0.044208
3.474;-0.038125
3.475;-0.027605
3.476;-0.019714
3.477;-0.002289
3.478;0.012671
3.479;0.025493
3.48;0.029767
3.481;0.034863
3.482;0.035356
3.483;0.027794
3.484;0.012506
3.485;-0.000809
3.486;-0.014618
3.487;-0.029577
3.488;-0.040427
3.489;-0.046674
3.49;-0.047495
3.491;-0.043057
3.492;-0.032701
3.493;-0.019878
3.494;-0.007385
3.495;0.003465
3.496;0.016123
3.497;0.023027
3.498;0.025493
3.499;0.016945
